epoch,lr-AdamW,step,test_mse,train_mse,val_mse
,0.001,0,,,
0,,0,,,156892.28125
,0.001,1,,,
1,,1,,,156779.84375
,0.001,2,,,
2,,2,,,156681.4375
,0.001,3,,,
3,,3,,,156563.546875
,0.001,4,,,
4,,4,,,156414.046875
,0.001,5,,,
5,,5,,,156260.234375
,0.001,6,,,
6,,6,,,156101.3125
,0.001,7,,,
7,,7,,,155875.734375
,0.001,8,,,
8,,8,,,155699.0625
,0.001,9,,,
9,,9,,,155545.140625
,0.001,10,,,
10,,10,,,155409.84375
,0.001,11,,,
11,,11,,,155264.359375
,0.001,12,,,
12,,12,,,155131.515625
,0.001,13,,,
13,,13,,,155018.8125
,0.001,14,,,
14,,14,,,154950.984375
,0.001,15,,,
15,,15,,,154885.6875
,0.001,16,,,
16,,16,,,154812.1875
,0.001,17,,,
17,,17,,,154767.078125
,0.001,18,,,
18,,18,,,154717.1875
,0.001,19,,,
19,,19,,,154656.703125
,0.001,20,,,
20,,20,,,154578.75
,0.001,21,,,
21,,21,,,154510.890625
,0.001,22,,,
22,,22,,,154454.75
,0.001,23,,,
23,,23,,,154402.8125
,0.001,24,,,
24,,24,,,154325.34375
,0.001,25,,,
25,,25,,,154257.109375
,0.001,26,,,
26,,26,,,154185.0
,0.001,27,,,
27,,27,,,154102.484375
,0.001,28,,,
28,,28,,,154028.53125
,0.001,29,,,
29,,29,,,153953.46875
,0.001,30,,,
30,,30,,,153885.84375
,0.001,31,,,
31,,31,,,153821.125
,0.001,32,,,
32,,32,,,153757.421875
,0.001,33,,,
33,,33,,,153697.5
,0.001,34,,,
34,,34,,,153640.71875
,0.001,35,,,
35,,35,,,153585.4375
,0.001,36,,,
36,,36,,,153529.921875
,0.001,37,,,
37,,37,,,153472.015625
,0.001,38,,,
38,,38,,,153410.265625
,0.001,39,,,
39,,39,,,153346.234375
,0.001,40,,,
40,,40,,,153284.65625
,0.001,41,,,
41,,41,,,153227.1875
,0.001,42,,,
42,,42,,,153172.75
,0.001,43,,,
43,,43,,,153119.78125
,0.001,44,,,
44,,44,,,153066.15625
,0.001,45,,,
45,,45,,,153011.078125
,0.001,46,,,
46,,46,,,152954.796875
,0.001,47,,,
47,,47,,,152898.328125
,0.001,48,,,
48,,48,,,152842.234375
,0.001,49,,,
49,,49,,31859.361328125,
49,,49,,,152786.5
,0.001,50,,,
50,,50,,,152731.109375
,0.001,51,,,
51,,51,,,152675.859375
,0.001,52,,,
52,,52,,,152620.5
,0.001,53,,,
53,,53,,,152564.609375
,0.001,54,,,
54,,54,,,152508.09375
,0.001,55,,,
55,,55,,,152451.28125
,0.001,56,,,
56,,56,,,152394.171875
,0.001,57,,,
57,,57,,,152335.9375
,0.001,58,,,
58,,58,,,152277.84375
,0.001,59,,,
59,,59,,,152219.125
,0.001,60,,,
60,,60,,,152159.046875
,0.001,61,,,
61,,61,,,152100.5
,0.001,62,,,
62,,62,,,152041.734375
,0.001,63,,,
63,,63,,,151982.78125
,0.001,64,,,
64,,64,,,151924.359375
,0.001,65,,,
65,,65,,,151866.328125
,0.001,66,,,
66,,66,,,151808.859375
,0.001,67,,,
67,,67,,,151751.609375
,0.001,68,,,
68,,68,,,151694.125
,0.001,69,,,
69,,69,,,151634.921875
,0.001,70,,,
70,,70,,,151575.03125
,0.001,71,,,
71,,71,,,151515.21875
,0.001,72,,,
72,,72,,,151455.78125
,0.001,73,,,
73,,73,,,151396.546875
,0.001,74,,,
74,,74,,,151337.34375
,0.001,75,,,
75,,75,,,151278.0625
,0.001,76,,,
76,,76,,,151218.5
,0.001,77,,,
77,,77,,,151158.75
,0.001,78,,,
78,,78,,,151098.859375
,0.001,79,,,
79,,79,,,151039.015625
,0.001,80,,,
80,,80,,,150979.1875
,0.001,81,,,
81,,81,,,150919.34375
,0.001,82,,,
82,,82,,,150859.328125
,0.001,83,,,
83,,83,,,150799.078125
,0.001,84,,,
84,,84,,,150738.625
,0.001,85,,,
85,,85,,,150677.953125
,0.001,86,,,
86,,86,,,150617.078125
,0.001,87,,,
87,,87,,,150556.03125
,0.001,88,,,
88,,88,,,150494.8125
,0.001,89,,,
89,,89,,,150433.4375
,0.001,90,,,
90,,90,,,150371.921875
,0.001,91,,,
91,,91,,,150310.171875
,0.001,92,,,
92,,92,,,150248.21875
,0.001,93,,,
93,,93,,,150186.078125
,0.001,94,,,
94,,94,,,150123.703125
,0.001,95,,,
95,,95,,,150061.171875
,0.001,96,,,
96,,96,,,149998.4375
,0.001,97,,,
97,,97,,,149935.5
,0.001,98,,,
98,,98,,,149872.390625
,0.001,99,,,
99,,99,,30912.404296875,
99,,99,,,149809.078125
,0.001,100,,,
100,,100,,,149745.546875
,0.001,101,,,
101,,101,,,149681.828125
,0.001,102,,,
102,,102,,,149617.9375
,0.001,103,,,
103,,103,,,149553.828125
,0.001,104,,,
104,,104,,,149489.515625
,0.001,105,,,
105,,105,,,149425.015625
,0.001,106,,,
106,,106,,,149360.296875
,0.001,107,,,
107,,107,,,149295.4375
,0.001,108,,,
108,,108,,,149230.40625
,0.001,109,,,
109,,109,,,149165.140625
,0.001,110,,,
110,,110,,,149099.65625
,0.001,111,,,
111,,111,,,149033.953125
,0.001,112,,,
112,,112,,,148968.03125
,0.001,113,,,
113,,113,,,148901.890625
,0.001,114,,,
114,,114,,,148835.515625
,0.001,115,,,
115,,115,,,148768.921875
,0.001,116,,,
116,,116,,,148702.125
,0.001,117,,,
117,,117,,,148635.0625
,0.001,118,,,
118,,118,,,148567.796875
,0.001,119,,,
119,,119,,,148500.3125
,0.001,120,,,
120,,120,,,148432.609375
,0.001,121,,,
121,,121,,,148364.6875
,0.001,122,,,
122,,122,,,148296.53125
,0.001,123,,,
123,,123,,,148228.140625
,0.001,124,,,
124,,124,,,148159.546875
,0.001,125,,,
125,,125,,,148090.734375
,0.001,126,,,
126,,126,,,148021.6875
,0.001,127,,,
127,,127,,,147952.421875
,0.001,128,,,
128,,128,,,147882.9375
,0.001,129,,,
129,,129,,,147813.234375
,0.001,130,,,
130,,130,,,147743.28125
,0.001,131,,,
131,,131,,,147673.125
,0.001,132,,,
132,,132,,,147602.75
,0.001,133,,,
133,,133,,,147532.125
,0.001,134,,,
134,,134,,,147461.28125
,0.001,135,,,
135,,135,,,147390.203125
,0.001,136,,,
136,,136,,,147318.9375
,0.001,137,,,
137,,137,,,147247.4375
,0.001,138,,,
138,,138,,,147175.671875
,0.001,139,,,
139,,139,,,147103.71875
,0.001,140,,,
140,,140,,,147031.515625
,0.001,141,,,
141,,141,,,146959.078125
,0.001,142,,,
142,,142,,,146886.453125
,0.001,143,,,
143,,143,,,146813.578125
,0.001,144,,,
144,,144,,,146740.453125
,0.001,145,,,
145,,145,,,146667.125
,0.001,146,,,
146,,146,,,146593.578125
,0.001,147,,,
147,,147,,,146519.765625
,0.001,148,,,
148,,148,,,146445.765625
,0.001,149,,,
149,,149,,29838.197265625,
149,,149,,,146371.484375
,0.001,150,,,
150,,150,,,146297.015625
,0.001,151,,,
151,,151,,,146222.296875
,0.001,152,,,
152,,152,,,146147.375
,0.001,153,,,
153,,153,,,146072.203125
,0.001,154,,,
154,,154,,,145996.796875
,0.001,155,,,
155,,155,,,145921.15625
,0.001,156,,,
156,,156,,,145845.296875
,0.001,157,,,
157,,157,,,145769.21875
,0.001,158,,,
158,,158,,,145692.90625
,0.001,159,,,
159,,159,,,145616.34375
,0.001,160,,,
160,,160,,,145539.5625
,0.001,161,,,
161,,161,,,145462.5625
,0.001,162,,,
162,,162,,,145385.3125
,0.001,163,,,
163,,163,,,145307.84375
,0.001,164,,,
164,,164,,,145230.140625
,0.001,165,,,
165,,165,,,145152.203125
,0.001,166,,,
166,,166,,,145074.03125
,0.001,167,,,
167,,167,,,144995.65625
,0.001,168,,,
168,,168,,,144917.015625
,0.001,169,,,
169,,169,,,144838.171875
,0.001,170,,,
170,,170,,,144759.078125
,0.001,171,,,
171,,171,,,144679.765625
,0.001,172,,,
172,,172,,,144600.203125
,0.001,173,,,
173,,173,,,144520.421875
,0.001,174,,,
174,,174,,,144440.421875
,0.001,175,,,
175,,175,,,144360.171875
,0.001,176,,,
176,,176,,,144279.703125
,0.001,177,,,
177,,177,,,144199.015625
,0.001,178,,,
178,,178,,,144118.0625
,0.001,179,,,
179,,179,,,144036.921875
,0.001,180,,,
180,,180,,,143955.515625
,0.001,181,,,
181,,181,,,143873.90625
,0.001,182,,,
182,,182,,,143792.0625
,0.001,183,,,
183,,183,,,143709.96875
,0.001,184,,,
184,,184,,,143627.671875
,0.001,185,,,
185,,185,,,143545.109375
,0.001,186,,,
186,,186,,,143462.359375
,0.001,187,,,
187,,187,,,143379.375
,0.001,188,,,
188,,188,,,143296.125
,0.001,189,,,
189,,189,,,143212.671875
,0.001,190,,,
190,,190,,,143129.0
,0.001,191,,,
191,,191,,,143045.078125
,0.001,192,,,
192,,192,,,142960.953125
,0.001,193,,,
193,,193,,,142876.5625
,0.001,194,,,
194,,194,,,142791.984375
,0.001,195,,,
195,,195,,,142707.15625
,0.001,196,,,
196,,196,,,142622.109375
,0.001,197,,,
197,,197,,,142536.828125
,0.001,198,,,
198,,198,,,142451.3125
,0.001,199,,,
199,,199,,28624.837890625,
199,,199,,,142365.609375
,0.001,200,,,
200,,200,,,142279.640625
,0.001,201,,,
201,,201,,,142193.453125
,0.001,202,,,
202,,202,,,142107.03125
,0.001,203,,,
203,,203,,,142020.390625
,0.001,204,,,
204,,204,,,141933.546875
,0.001,205,,,
205,,205,,,141846.453125
,0.001,206,,,
206,,206,,,141759.140625
,0.001,207,,,
207,,207,,,141671.59375
,0.001,208,,,
208,,208,,,141583.84375
,0.001,209,,,
209,,209,,,141495.84375
,0.001,210,,,
210,,210,,,141407.640625
,0.001,211,,,
211,,211,,,141319.203125
,0.001,212,,,
212,,212,,,141230.515625
,0.001,213,,,
213,,213,,,141141.640625
,0.001,214,,,
214,,214,,,141052.5
,0.001,215,,,
215,,215,,,140963.109375
,0.001,216,,,
216,,216,,,140873.453125
,0.001,217,,,
217,,217,,,140783.4375
,0.001,218,,,
218,,218,,,140692.953125
,0.001,219,,,
219,,219,,,140601.484375
,0.001,220,,,
220,,220,,,140507.703125
,0.001,221,,,
221,,221,,,140409.109375
,0.001,222,,,
222,,222,,,140309.484375
,0.001,223,,,
223,,223,,,140217.703125
,0.001,224,,,
224,,224,,,140125.8125
,0.001,225,,,
225,,225,,,140035.0
,0.001,226,,,
226,,226,,,139945.21875
,0.001,227,,,
227,,227,,,139852.5
,0.001,228,,,
228,,228,,,139755.53125
,0.001,229,,,
229,,229,,,139654.46875
,0.001,230,,,
230,,230,,,139563.703125
,0.001,231,,,
231,,231,,,139468.09375
,0.001,232,,,
232,,232,,,139375.21875
,0.001,233,,,
233,,233,,,139280.921875
,0.001,234,,,
234,,234,,,139186.234375
,0.001,235,,,
235,,235,,,139091.203125
,0.001,236,,,
236,,236,,,138995.84375
,0.001,237,,,
237,,237,,,138900.171875
,0.001,238,,,
238,,238,,,138804.140625
,0.001,239,,,
239,,239,,,138707.796875
,0.001,240,,,
240,,240,,,138611.140625
,0.001,241,,,
241,,241,,,138514.171875
,0.001,242,,,
242,,242,,,138416.9375
,0.001,243,,,
243,,243,,,138319.390625
,0.001,244,,,
244,,244,,,138221.578125
,0.001,245,,,
245,,245,,,138123.484375
,0.001,246,,,
246,,246,,,138025.125
,0.001,247,,,
247,,247,,,137926.546875
,0.001,248,,,
248,,248,,,137827.703125
,0.001,249,,,
249,,249,,27269.94921875,
249,,249,,,137728.625
,0.001,250,,,
250,,250,,,137629.28125
,0.001,251,,,
251,,251,,,137529.703125
,0.001,252,,,
252,,252,,,137429.90625
,0.001,253,,,
253,,253,,,137329.875
,0.001,254,,,
254,,254,,,137229.625
,0.001,255,,,
255,,255,,,137129.125
,0.001,256,,,
256,,256,,,137028.453125
,0.001,257,,,
257,,257,,,136927.53125
,0.001,258,,,
258,,258,,,136826.375
,0.001,259,,,
259,,259,,,136725.03125
,0.001,260,,,
260,,260,,,136623.46875
,0.001,261,,,
261,,261,,,136521.703125
,0.001,262,,,
262,,262,,,136419.71875
,0.001,263,,,
263,,263,,,136317.546875
,0.001,264,,,
264,,264,,,136215.140625
,0.001,265,,,
265,,265,,,136112.546875
,0.001,266,,,
266,,266,,,136009.75
,0.001,267,,,
267,,267,,,135906.75
,0.001,268,,,
268,,268,,,135803.53125
,0.001,269,,,
269,,269,,,135700.140625
,0.001,270,,,
270,,270,,,135596.53125
,0.001,271,,,
271,,271,,,135492.734375
,0.001,272,,,
272,,272,,,135388.71875
,0.001,273,,,
273,,273,,,135284.53125
,0.001,274,,,
274,,274,,,135180.140625
,0.001,275,,,
275,,275,,,135075.5625
,0.001,276,,,
276,,276,,,134970.78125
,0.001,277,,,
277,,277,,,134865.796875
,0.001,278,,,
278,,278,,,134760.625
,0.001,279,,,
279,,279,,,134655.265625
,0.001,280,,,
280,,280,,,134549.734375
,0.001,281,,,
281,,281,,,134443.96875
,0.001,282,,,
282,,282,,,134338.03125
,0.001,283,,,
283,,283,,,134231.921875
,0.001,284,,,
284,,284,,,134125.609375
,0.001,285,,,
285,,285,,,134019.109375
,0.001,286,,,
286,,286,,,133912.421875
,0.001,287,,,
287,,287,,,133805.546875
,0.001,288,,,
288,,288,,,133698.484375
,0.001,289,,,
289,,289,,,133591.234375
,0.001,290,,,
290,,290,,,133483.796875
,0.001,291,,,
291,,291,,,133376.1875
,0.001,292,,,
292,,292,,,133268.390625
,0.001,293,,,
293,,293,,,133160.4375
,0.001,294,,,
294,,294,,,133052.328125
,0.001,295,,,
295,,295,,,132944.203125
,0.001,296,,,
296,,296,,,132835.921875
,0.001,297,,,
297,,297,,,132727.546875
,0.001,298,,,
298,,298,,,132618.53125
,0.001,299,,,
299,,299,,25789.978515625,
299,,299,,,132497.765625
,0.001,300,,,
300,,300,,,132338.359375
,0.001,301,,,
301,,301,,,132187.96875
,0.001,302,,,
302,,302,,,132003.96875
,0.001,303,,,
303,,303,,,131892.59375
,0.001,304,,,
304,,304,,,131783.046875
,0.001,305,,,
305,,305,,,131672.90625
,0.001,306,,,
306,,306,,,131562.25
,0.001,307,,,
307,,307,,,131451.109375
,0.001,308,,,
308,,308,,,131339.515625
,0.001,309,,,
309,,309,,,131227.484375
,0.001,310,,,
310,,310,,,131115.0625
,0.001,311,,,
311,,311,,,131002.2578125
,0.001,312,,,
312,,312,,,130889.09375
,0.001,313,,,
313,,313,,,130775.6171875
,0.001,314,,,
314,,314,,,130661.796875
,0.001,315,,,
315,,315,,,130547.6953125
,0.001,316,,,
316,,316,,,130433.2890625
,0.001,317,,,
317,,317,,,130318.6328125
,0.001,318,,,
318,,318,,,130203.6953125
,0.001,319,,,
319,,319,,,130088.5234375
,0.001,320,,,
320,,320,,,129973.09375
,0.001,321,,,
321,,321,,,129857.453125
,0.001,322,,,
322,,322,,,129741.5703125
,0.001,323,,,
323,,323,,,129625.484375
,0.001,324,,,
324,,324,,,129509.171875
,0.001,325,,,
325,,325,,,129392.6640625
,0.001,326,,,
326,,326,,,129275.9609375
,0.001,327,,,
327,,327,,,129159.046875
,0.001,328,,,
328,,328,,,129041.9453125
,0.001,329,,,
329,,329,,,128924.6796875
,0.001,330,,,
330,,330,,,128807.2109375
,0.001,331,,,
331,,331,,,128689.5703125
,0.001,332,,,
332,,332,,,128571.734375
,0.001,333,,,
333,,333,,,128453.75
,0.001,334,,,
334,,334,,,128335.5859375
,0.001,335,,,
335,,335,,,128217.2421875
,0.001,336,,,
336,,336,,,128098.7421875
,0.001,337,,,
337,,337,,,127980.0859375
,0.001,338,,,
338,,338,,,127861.2578125
,0.001,339,,,
339,,339,,,127742.2578125
,0.001,340,,,
340,,340,,,127623.09375
,0.001,341,,,
341,,341,,,127503.796875
,0.001,342,,,
342,,342,,,127384.3359375
,0.001,343,,,
343,,343,,,127264.71875
,0.001,344,,,
344,,344,,,127144.9296875
,0.001,345,,,
345,,345,,,127025.0078125
,0.001,346,,,
346,,346,,,126904.9296875
,0.001,347,,,
347,,347,,,126784.6875
,0.001,348,,,
348,,348,,,126664.3046875
,0.001,349,,,
349,,349,,24234.517578125,
349,,349,,,126543.78125
,0.001,350,,,
350,,350,,,126423.09375
,0.001,351,,,
351,,351,,,126302.2734375
,0.001,352,,,
352,,352,,,126181.3046875
,0.001,353,,,
353,,353,,,126060.171875
,0.001,354,,,
354,,354,,,125938.90625
,0.001,355,,,
355,,355,,,125817.484375
,0.001,356,,,
356,,356,,,125695.9140625
,0.001,357,,,
357,,357,,,125574.25
,0.001,358,,,
358,,358,,,125452.390625
,0.001,359,,,
359,,359,,,125330.390625
,0.001,360,,,
360,,360,,,125208.2734375
,0.001,361,,,
361,,361,,,125086.0234375
,0.001,362,,,
362,,362,,,124963.5859375
,0.001,363,,,
363,,363,,,124841.0390625
,0.001,364,,,
364,,364,,,124718.3515625
,0.001,365,,,
365,,365,,,124595.53125
,0.001,366,,,
366,,366,,,124472.5546875
,0.001,367,,,
367,,367,,,124349.453125
,0.001,368,,,
368,,368,,,124226.21875
,0.001,369,,,
369,,369,,,124102.84375
,0.001,370,,,
370,,370,,,123979.3203125
,0.001,371,,,
371,,371,,,123855.6484375
,0.001,372,,,
372,,372,,,123731.890625
,0.001,373,,,
373,,373,,,123607.9453125
,0.001,374,,,
374,,374,,,123483.890625
,0.001,375,,,
375,,375,,,123359.703125
,0.001,376,,,
376,,376,,,123235.375
,0.001,377,,,
377,,377,,,123110.9296875
,0.001,378,,,
378,,378,,,122986.3359375
,0.001,379,,,
379,,379,,,122861.6171875
,0.001,380,,,
380,,380,,,122736.765625
,0.001,381,,,
381,,381,,,122611.765625
,0.001,382,,,
382,,382,,,122486.6484375
,0.001,383,,,
383,,383,,,122361.40625
,0.001,384,,,
384,,384,,,122236.0234375
,0.001,385,,,
385,,385,,,122108.515625
,0.001,386,,,
386,,386,,,121923.484375
,0.001,387,,,
387,,387,,,121754.46875
,0.001,388,,,
388,,388,,,121629.3984375
,0.001,389,,,
389,,389,,,121504.109375
,0.001,390,,,
390,,390,,,121378.546875
,0.001,391,,,
391,,391,,,121252.7109375
,0.001,392,,,
392,,392,,,121126.5859375
,0.001,393,,,
393,,393,,,121000.25
,0.001,394,,,
394,,394,,,120873.6640625
,0.001,395,,,
395,,395,,,120746.875
,0.001,396,,,
396,,396,,,120619.859375
,0.001,397,,,
397,,397,,,120492.6328125
,0.001,398,,,
398,,398,,,120365.234375
,0.001,399,,,
399,,399,,22681.984375,
399,,399,,,120237.6484375
,0.001,400,,,
400,,400,,,120109.8671875
,0.001,401,,,
401,,401,,,119981.9453125
,0.001,402,,,
402,,402,,,119853.828125
,0.001,403,,,
403,,403,,,119725.5625
,0.001,404,,,
404,,404,,,119597.140625
,0.001,405,,,
405,,405,,,119468.578125
,0.001,406,,,
406,,406,,,119339.859375
,0.001,407,,,
407,,407,,,119210.9921875
,0.001,408,,,
408,,408,,,119081.9765625
,0.001,409,,,
409,,409,,,118952.828125
,0.001,410,,,
410,,410,,,118823.5625
,0.001,411,,,
411,,411,,,118694.140625
,0.001,412,,,
412,,412,,,118564.578125
,0.001,413,,,
413,,413,,,118434.9140625
,0.001,414,,,
414,,414,,,118305.109375
,0.001,415,,,
415,,415,,,118175.1796875
,0.001,416,,,
416,,416,,,118045.125
,0.001,417,,,
417,,417,,,117914.9609375
,0.001,418,,,
418,,418,,,117784.65625
,0.001,419,,,
419,,419,,,117654.2578125
,0.001,420,,,
420,,420,,,117523.7265625
,0.001,421,,,
421,,421,,,117393.078125
,0.001,422,,,
422,,422,,,117262.3046875
,0.001,423,,,
423,,423,,,117131.421875
,0.001,424,,,
424,,424,,,117000.4375
,0.001,425,,,
425,,425,,,116869.3046875
,0.001,426,,,
426,,426,,,116738.09375
,0.001,427,,,
427,,427,,,116606.75
,0.001,428,,,
428,,428,,,116475.3203125
,0.001,429,,,
429,,429,,,116343.75
,0.001,430,,,
430,,430,,,116212.0859375
,0.001,431,,,
431,,431,,,116080.3203125
,0.001,432,,,
432,,432,,,115948.4375
,0.001,433,,,
433,,433,,,115816.4375
,0.001,434,,,
434,,434,,,115684.3515625
,0.001,435,,,
435,,435,,,115552.140625
,0.001,436,,,
436,,436,,,115419.8359375
,0.001,437,,,
437,,437,,,115287.40625
,0.001,438,,,
438,,438,,,115154.90625
,0.001,439,,,
439,,439,,,115022.2734375
,0.001,440,,,
440,,440,,,114889.5390625
,0.001,441,,,
441,,441,,,114756.71875
,0.001,442,,,
442,,442,,,114623.78125
,0.001,443,,,
443,,443,,,114490.7421875
,0.001,444,,,
444,,444,,,114357.6015625
,0.001,445,,,
445,,445,,,114224.3515625
,0.001,446,,,
446,,446,,,114091.015625
,0.001,447,,,
447,,447,,,113957.5859375
,0.001,448,,,
448,,448,,,113824.0546875
,0.001,449,,,
449,,449,,21204.59375,
449,,449,,,113690.4140625
,0.001,450,,,
450,,450,,,113556.65625
,0.001,451,,,
451,,451,,,113422.796875
,0.001,452,,,
452,,452,,,113288.875
,0.001,453,,,
453,,453,,,113154.84375
,0.001,454,,,
454,,454,,,113020.7109375
,0.001,455,,,
455,,455,,,112886.484375
,0.001,456,,,
456,,456,,,112752.140625
,0.001,457,,,
457,,457,,,112617.7265625
,0.001,458,,,
458,,458,,,112483.234375
,0.001,459,,,
459,,459,,,112348.6015625
,0.001,460,,,
460,,460,,,112213.890625
,0.001,461,,,
461,,461,,,112079.078125
,0.001,462,,,
462,,462,,,111944.1875
,0.001,463,,,
463,,463,,,111809.203125
,0.001,464,,,
464,,464,,,111674.109375
,0.001,465,,,
465,,465,,,111538.9296875
,0.001,466,,,
466,,466,,,111403.6484375
,0.001,467,,,
467,,467,,,111268.3046875
,0.001,468,,,
468,,468,,,111132.875
,0.001,469,,,
469,,469,,,110997.3125
,0.001,470,,,
470,,470,,,110861.6953125
,0.001,471,,,
471,,471,,,110725.9453125
,0.001,472,,,
472,,472,,,110590.140625
,0.001,473,,,
473,,473,,,110454.25
,0.001,474,,,
474,,474,,,110318.25
,0.001,475,,,
475,,475,,,110182.1640625
,0.001,476,,,
476,,476,,,110045.9921875
,0.001,477,,,
477,,477,,,109909.75
,0.001,478,,,
478,,478,,,109773.3984375
,0.001,479,,,
479,,479,,,109636.9609375
,0.001,480,,,
480,,480,,,109500.453125
,0.001,481,,,
481,,481,,,109363.859375
,0.001,482,,,
482,,482,,,109227.15625
,0.001,483,,,
483,,483,,,109090.390625
,0.001,484,,,
484,,484,,,108953.5390625
,0.001,485,,,
485,,485,,,108816.6015625
,0.001,486,,,
486,,486,,,108679.5703125
,0.001,487,,,
487,,487,,,108542.46875
,0.001,488,,,
488,,488,,,108405.2578125
,0.001,489,,,
489,,489,,,108267.9921875
,0.001,490,,,
490,,490,,,108130.6328125
,0.001,491,,,
491,,491,,,107993.203125
,0.001,492,,,
492,,492,,,107855.6640625
,0.001,493,,,
493,,493,,,107718.0625
,0.001,494,,,
494,,494,,,107580.3828125
,0.001,495,,,
495,,495,,,107442.6171875
,0.001,496,,,
496,,496,,,107304.78125
,0.001,497,,,
497,,497,,,107166.8515625
,0.001,498,,,
498,,498,,,107028.8515625
,0.001,499,,,
499,,499,,19828.212890625,
499,,499,,,106890.765625
,0.001,500,,,
500,,500,,,106752.6171875
,0.001,501,,,
501,,501,,,106614.3828125
,0.001,502,,,
502,,502,,,106476.0859375
,0.001,503,,,
503,,503,,,106337.6953125
,0.001,504,,,
504,,504,,,106199.2109375
,0.001,505,,,
505,,505,,,106060.6796875
,0.001,506,,,
506,,506,,,105922.0546875
,0.001,507,,,
507,,507,,,105783.34375
,0.001,508,,,
508,,508,,,105644.578125
,0.001,509,,,
509,,509,,,105505.75
,0.001,510,,,
510,,510,,,105366.8203125
,0.001,511,,,
511,,511,,,105227.828125
,0.001,512,,,
512,,512,,,105088.765625
,0.001,513,,,
513,,513,,,104949.6171875
,0.001,514,,,
514,,514,,,104810.421875
,0.001,515,,,
515,,515,,,104671.140625
,0.001,516,,,
516,,516,,,104531.78125
,0.001,517,,,
517,,517,,,104392.3515625
,0.001,518,,,
518,,518,,,104252.875
,0.001,519,,,
519,,519,,,104113.2890625
,0.001,520,,,
520,,520,,,103973.6484375
,0.001,521,,,
521,,521,,,103833.9453125
,0.001,522,,,
522,,522,,,103694.1875
,0.001,523,,,
523,,523,,,103554.3515625
,0.001,524,,,
524,,524,,,103414.421875
,0.001,525,,,
525,,525,,,103274.4375
,0.001,526,,,
526,,526,,,103134.4140625
,0.001,527,,,
527,,527,,,102994.2734375
,0.001,528,,,
528,,528,,,102854.109375
,0.001,529,,,
529,,529,,,102713.859375
,0.001,530,,,
530,,530,,,102573.5390625
,0.001,531,,,
531,,531,,,102433.15625
,0.001,532,,,
532,,532,,,102292.71875
,0.001,533,,,
533,,533,,,102152.21875
,0.001,534,,,
534,,534,,,102011.6328125
,0.001,535,,,
535,,535,,,101870.9921875
,0.001,536,,,
536,,536,,,101730.296875
,0.001,537,,,
537,,537,,,101589.53125
,0.001,538,,,
538,,538,,,101448.7109375
,0.001,539,,,
539,,539,,,101307.8125
,0.001,540,,,
540,,540,,,101166.875
,0.001,541,,,
541,,541,,,101025.859375
,0.001,542,,,
542,,542,,,100884.78125
,0.001,543,,,
543,,543,,,100743.6484375
,0.001,544,,,
544,,544,,,100602.4609375
,0.001,545,,,
545,,545,,,100461.2109375
,0.001,546,,,
546,,546,,,100319.8984375
,0.001,547,,,
547,,547,,,100178.5234375
,0.001,548,,,
548,,548,,,100037.09375
,0.001,549,,,
549,,549,,18596.96875,
549,,549,,,99895.5859375
,0.001,550,,,
550,,550,,,99754.0546875
,0.001,551,,,
551,,551,,,99612.453125
,0.001,552,,,
552,,552,,,99470.7890625
,0.001,553,,,
553,,553,,,99329.078125
,0.001,554,,,
554,,554,,,99187.3046875
,0.001,555,,,
555,,555,,,99045.4765625
,0.001,556,,,
556,,556,,,98903.5859375
,0.001,557,,,
557,,557,,,98761.6484375
,0.001,558,,,
558,,558,,,98619.6484375
,0.001,559,,,
559,,559,,,98477.6171875
,0.001,560,,,
560,,560,,,98335.5078125
,0.001,561,,,
561,,561,,,98193.3671875
,0.001,562,,,
562,,562,,,98051.1484375
,0.001,563,,,
563,,563,,,97908.90625
,0.001,564,,,
564,,564,,,97766.5859375
,0.001,565,,,
565,,565,,,97624.21875
,0.001,566,,,
566,,566,,,97481.8046875
,0.001,567,,,
567,,567,,,97339.3359375
,0.001,568,,,
568,,568,,,97196.8203125
,0.001,569,,,
569,,569,,,97054.2578125
,0.001,570,,,
570,,570,,,96911.6484375
,0.001,571,,,
571,,571,,,96768.984375
,0.001,572,,,
572,,572,,,96626.2578125
,0.001,573,,,
573,,573,,,96483.5
,0.001,574,,,
574,,574,,,96340.7109375
,0.001,575,,,
575,,575,,,96197.8359375
,0.001,576,,,
576,,576,,,96054.9296875
,0.001,577,,,
577,,577,,,95911.9765625
,0.001,578,,,
578,,578,,,95768.984375
,0.001,579,,,
579,,579,,,95625.9453125
,0.001,580,,,
580,,580,,,95482.875
,0.001,581,,,
581,,581,,,95339.7265625
,0.001,582,,,
582,,582,,,95196.5546875
,0.001,583,,,
583,,583,,,95053.3359375
,0.001,584,,,
584,,584,,,94910.0859375
,0.001,585,,,
585,,585,,,94766.765625
,0.001,586,,,
586,,586,,,94623.40625
,0.001,587,,,
587,,587,,,94480.0234375
,0.001,588,,,
588,,588,,,94336.578125
,0.001,589,,,
589,,589,,,94193.09375
,0.001,590,,,
590,,590,,,94049.5859375
,0.001,591,,,
591,,591,,,93906.03125
,0.001,592,,,
592,,592,,,93762.421875
,0.001,593,,,
593,,593,,,93618.7890625
,0.001,594,,,
594,,594,,,93475.1171875
,0.001,595,,,
595,,595,,,93331.40625
,0.001,596,,,
596,,596,,,93187.640625
,0.001,597,,,
597,,597,,,93043.859375
,0.001,598,,,
598,,598,,,92900.0234375
,0.001,599,,,
599,,599,,17554.521484375,
599,,599,,,92756.140625
,0.001,600,,,
600,,600,,,92612.25
,0.001,601,,,
601,,601,,,92468.2890625
,0.001,602,,,
602,,602,,,92324.328125
,0.001,603,,,
603,,603,,,92180.328125
,0.001,604,,,
604,,604,,,92036.2734375
,0.001,605,,,
605,,605,,,91892.1875
,0.001,606,,,
606,,606,,,91748.1015625
,0.001,607,,,
607,,607,,,91603.9609375
,0.001,608,,,
608,,608,,,91459.7734375
,0.001,609,,,
609,,609,,,91315.5625
,0.001,610,,,
610,,610,,,91171.3203125
,0.001,611,,,
611,,611,,,91027.046875
,0.001,612,,,
612,,612,,,90882.75
,0.001,613,,,
613,,613,,,90738.4140625
,0.001,614,,,
614,,614,,,90594.0546875
,0.001,615,,,
615,,615,,,90449.6953125
,0.001,616,,,
616,,616,,,90305.2578125
,0.001,617,,,
617,,617,,,90160.875
,0.001,618,,,
618,,618,,,90016.3828125
,0.001,619,,,
619,,619,,,89871.8984375
,0.001,620,,,
620,,620,,,89727.34375
,0.001,621,,,
621,,621,,,89582.8203125
,0.001,622,,,
622,,622,,,89438.3203125
,0.001,623,,,
623,,623,,,89293.734375
,0.001,624,,,
624,,624,,,89149.1484375
,0.001,625,,,
625,,625,,,89004.515625
,0.001,626,,,
626,,626,,,88859.8984375
,0.001,627,,,
627,,627,,,88715.2421875
,0.001,628,,,
628,,628,,,88570.578125
,0.001,629,,,
629,,629,,,88426.0234375
,0.001,630,,,
630,,630,,,88281.3125
,0.001,631,,,
631,,631,,,88136.65625
,0.001,632,,,
632,,632,,,87991.9375
,0.001,633,,,
633,,633,,,87847.2109375
,0.001,634,,,
634,,634,,,87702.6171875
,0.001,635,,,
635,,635,,,87557.890625
,0.001,636,,,
636,,636,,,87413.2578125
,0.001,637,,,
637,,637,,,87268.515625
,0.001,638,,,
638,,638,,,87123.96875
,0.001,639,,,
639,,639,,,86979.234375
,0.001,640,,,
640,,640,,,86834.578125
,0.001,641,,,
641,,641,,,86689.8984375
,0.001,642,,,
642,,642,,,86545.234375
,0.001,643,,,
643,,643,,,86400.6015625
,0.001,644,,,
644,,644,,,86255.890625
,0.001,645,,,
645,,645,,,86111.203125
,0.001,646,,,
646,,646,,,85966.3984375
,0.001,647,,,
647,,647,,,85821.5546875
,0.001,648,,,
648,,648,,,85676.6171875
,0.001,649,,,
649,,649,,16745.52734375,
649,,649,,,85531.6015625
,0.001,650,,,
650,,650,,,85386.546875
,0.001,651,,,
651,,651,,,85241.71875
,0.001,652,,,
652,,652,,,85097.765625
,0.001,653,,,
653,,653,,,84956.875
,0.001,654,,,
654,,654,,,84821.8984375
,0.001,655,,,
655,,655,,,84694.640625
,0.001,656,,,
656,,656,,,84552.4375
,0.001,657,,,
657,,657,,,84392.2734375
,0.001,658,,,
658,,658,,,84236.6484375
,0.001,659,,,
659,,659,,,84086.765625
,0.001,660,,,
660,,660,,,83940.4375
,0.001,661,,,
661,,661,,,83796.6875
,0.001,662,,,
662,,662,,,83656.6484375
,0.001,663,,,
663,,663,,,83521.5078125
,0.001,664,,,
664,,664,,,83389.65625
,0.001,665,,,
665,,665,,,83249.6875
,0.001,666,,,
666,,666,,,83094.6953125
,0.001,667,,,
667,,667,,,82940.1796875
,0.001,668,,,
668,,668,,,82791.265625
,0.001,669,,,
669,,669,,,82646.8984375
,0.001,670,,,
670,,670,,,82507.71875
,0.001,671,,,
671,,671,,,82374.34375
,0.001,672,,,
672,,672,,,82241.046875
,0.001,673,,,
673,,673,,,82092.4453125
,0.001,674,,,
674,,674,,,81937.5703125
,0.001,675,,,
675,,675,,,81786.9453125
,0.001,676,,,
676,,676,,,81641.8515625
,0.001,677,,,
677,,677,,,81503.0625
,0.001,678,,,
678,,678,,,81370.703125
,0.001,679,,,
679,,679,,,81231.984375
,0.001,680,,,
680,,680,,,81079.2890625
,0.001,681,,,
681,,681,,,80927.0078125
,0.001,682,,,
682,,682,,,80778.34375
,0.001,683,,,
683,,683,,,80636.0625
,0.001,684,,,
684,,684,,,80500.75
,0.001,685,,,
685,,685,,,80363.9453125
,0.001,686,,,
686,,686,,,80212.703125
,0.001,687,,,
687,,687,,,80059.1484375
,0.001,688,,,
688,,688,,,79912.21875
,0.001,689,,,
689,,689,,,79769.515625
,0.001,690,,,
690,,690,,,79630.125
,0.001,691,,,
691,,691,,,79490.984375
,0.001,692,,,
692,,692,,,79340.0
,0.001,693,,,
693,,693,,,79188.609375
,0.001,694,,,
694,,694,,,79042.671875
,0.001,695,,,
695,,695,,,78899.0859375
,0.001,696,,,
696,,696,,,78759.6640625
,0.001,697,,,
697,,697,,,78614.0234375
,0.001,698,,,
698,,698,,,78464.8203125
,0.001,699,,,
699,,699,,16215.77734375,
699,,699,,,78314.3984375
,0.001,700,,,
700,,700,,,78171.25
,0.001,701,,,
701,,701,,,78028.0
,0.001,702,,,
702,,702,,,77885.984375
,0.001,703,,,
703,,703,,,77736.484375
,0.001,704,,,
704,,704,,,77589.359375
,0.001,705,,,
705,,705,,,77443.03125
,0.001,706,,,
706,,706,,,77299.0390625
,0.001,707,,,
707,,707,,,77156.0703125
,0.001,708,,,
708,,708,,,77008.4921875
,0.001,709,,,
709,,709,,,76862.875
,0.001,710,,,
710,,710,,,76715.8984375
,0.001,711,,,
711,,711,,,76572.5
,0.001,712,,,
712,,712,,,76426.8359375
,0.001,713,,,
713,,713,,,76280.9453125
,0.001,714,,,
714,,714,,,76136.7890625
,0.001,715,,,
715,,715,,,75990.984375
,0.001,716,,,
716,,716,,,75844.1640625
,0.001,717,,,
717,,717,,,75701.1484375
,0.001,718,,,
718,,718,,,75556.28125
,0.001,719,,,
719,,719,,,75410.8203125
,0.001,720,,,
720,,720,,,75265.03125
,0.001,721,,,
721,,721,,,75120.25
,0.001,722,,,
722,,722,,,74976.0
,0.001,723,,,
723,,723,,,74834.5546875
,0.001,724,,,
724,,724,,,74684.3828125
,0.001,725,,,
725,,725,,,74540.5703125
,0.001,726,,,
726,,726,,,74400.015625
,0.001,727,,,
727,,727,,,74254.1953125
,0.001,728,,,
728,,728,,,74105.671875
,0.001,729,,,
729,,729,,,73964.6796875
,0.001,730,,,
730,,730,,,73819.953125
,0.001,731,,,
731,,731,,,73677.59375
,0.001,732,,,
732,,732,,,73527.8125
,0.001,733,,,
733,,733,,,73403.359375
,0.001,734,,,
734,,734,,,73544.5234375
,0.001,735,,,
735,,735,,,74772.5234375
,0.001,736,,,
736,,736,,,74832.7421875
,0.001,737,,,
737,,737,,,74736.4296875
,0.001,738,,,
738,,738,,,74549.0625
739,,739,84519.2890625,,
